Typical Role Name,Record Source,Job Family,Job Family Function,Job Family Role,APS Job Code,Discipline Name,Also known as (alternate role titles),Description,Typical APS Classification,Knowledge,Span of Influence,Required Experience 1,Required Experience 2,Required Experience 3,SFIA version,SFIA Skill 1,SFIA Level 1,Critical SFIA Skill 1,SFIA Skill 2,SFIA Level 2,Critical SFIA Skill 2,SFIA Skill 3,SFIA Level 3,Critical SFIA Skill 3,SFIA Skill 4,SFIA Level 4,Critical SFIA Skill 4,SFIA Skill 5,SFIA Level 5,Critical SFIA Skill 5,SFIA Skill 6,SFIA Level 6,Critical SFIA Skill 6,SFIA Skill 7,SFIA Level 7,Critical SFIA Skill 7,SFIA Skill 8,SFIA Level 8,Critical SFIA Skill 8,SFIA Skill 9,SFIA Level 9,Critical SFIA Skill 9,SFIA Skill 10,SFIA Level 10,Critical SFIA Skill 10,SFIA Skill 11,SFIA Level 11,Critical SFIA Skill 11,SFIA Skill 12,SFIA Level 12,Critical SFIA Skill 12,SFIA Skill 13,SFIA Level 13,Critical SFIA Skill 13,SFIA Skill 14,SFIA Level 14,Critical SFIA Skill 14,SFIA Skill 15,SFIA Level 15,Critical SFIA Skill 15,SFIA Skill 16,SFIA Level 16,Critical SFIA Skill 16,CIISec version,CIISec Skill 1,CIISec Level 1,Critical CIISec Skill 1,CIISec Skill 2,CIISec Level 2,Critical CIISec Skill 2,CIISec Skill 3,CIISec Level 3,Critical CIISec Skill 3,CIISec Skill 4,CIISec Level 4,Critical CIISec Skill 4,CIISec Skill 5,CIISec Level 5,Critical CIISec Skill 5,CIISec Skill 6,CIISec Level 6,Critical CIISec Skill 6,CIISec Skill 7,CIISec Level 7,Critical CIISec Skill 7,CIISec Skill 8,CIISec Level 8,Critical CIISec Skill 8,CIISec Skill 9,CIISec Level 9,Critical CIISec Skill 9
Cloud Service Manager,Typical APS,ICT,Service Delivery,ICT Infrastructure and Facilities,150303,Cloud Service Management,,"Cloud Service Managers monitor cloud usage and work with Cloud Architects and cloud service consumers to ensure cloud service usage is meeting, and can be evolved to better meet, agency objectives. Maintain awareness of cloud service offerings as well as business and customer usage and demands, then advises on, plan and optimises the consumption of cloud services by the agency. ",EL1,Competent,,,,,7,CPMG,5,,CNSL,5,,TECH,4,,SORC,4,,SUPP,5,,ITCM,5,,SLMO,6,,,,,,,,,,,,,,,,,,,,,,,,,,,,,,,,,,,,,,,,,,,,,,,,,,,,,,,,
Senior Infrastructure Engineer,Typical APS,ICT,Service Delivery,ICT Infrastructure and Facilities,150303,Infrastructure Engineering,Senior SysAdmin,"Infrastructure Engineers implement, manage and retire the infrastructure (including physical, virtual, networking and cloud infrastructure) that supports digital services.",EL1,Expert,,,,,7,CPMG,4,,PBMG,4,,AVMT,5,,DESN,5,,ITOP,4,,HSIN,5,,PROG,3,,,,,,,,,,,,,,,,,,,,,,,,,,,,,,,,,,,,,,,,,,,,,,,,,,,,,,,,
Infrastructure Engineer,Typical APS,ICT,Service Delivery,ICT Infrastructure and Facilities,150303,Infrastructure Engineering,SysAdmin,"Infrastructure Engineers implement, manage and retire the infrastructure (including physical, virtual, networking and cloud infrastructure) that supports digital services.",APS6,Competent,,,,,7,PBMG,3,,AVMT,4,,DESN,4,,ITOP,4,,HSIN,4,,PROG,2,,,,,,,,,,,,,,,,,,,,,,,,,,,,,,,,,,,,,,,,,,,,,,,,,,,,,,,,,,,
Junior Infrastructure Engineer,Typical APS,ICT,Service Delivery,ICT Infrastructure and Facilities,150303,Infrastructure Engineering,Junior SysAdmin,"Infrastructure Engineers implement, manage and retire the infrastructure (including physical, virtual, networking and cloud infrastructure) that supports digital services.",APS4/5,Novice,,,,,7,ITOP,3,,HSIN,3,,PROG,2,,,,,,,,,,,,,,,,,,,,,,,,,,,,,,,,,,,,,,,,,,,,,,,,,,,,,,,,,,,,,,,,,,,,
Senior DevOps Engineer,Typical APS,ICT,Solutions Implementation,Systems Integration and Deployment,150601,DevOps Engineering,Senior Site Reliability Engineer,"DevOps Engineers work closely with development teams to provide (and support) the environment needed to deliver the organisation’s services quickly and efficiently, using automation and self-service.",EL1,Expert,,,,,7,DLMG,5,,AVMT,4,,DESN,5,,METL,5,,SINT,5,,PROG,4,,,,,,,,,,,,,,,,,,,,,,,,,,,,,,,,,,,,,,,,,,,,,,,,,,,,,,,,,,,
DevOps Engineer,Typical APS,ICT,Solutions Implementation,Systems Integration and Deployment,150601,DevOps Engineering,Site Reliability Engineer,"DevOps Engineers work closely with development teams to provide (and support) the environment needed to deliver the organisation’s services quickly and efficiently, using automation and self-service.",APS6/EL1,Competent,,,,,7,AVMT,4,,DESN,4,,METL,4,,SINT,4,,PROG,3,,,,,,,,,,,,,,,,,,,,,,,,,,,,,,,,,,,,,,,,,,,,,,,,,,,,,,,,,,,,,,
Junior DevOps Engineer,Typical APS,ICT,Solutions Implementation,Systems Integration and Deployment,150601,DevOps Engineering,Junior Site Reliability Engineer,"DevOps Engineers work closely with development teams to provide (and support) the environment needed to deliver the organisation’s services quickly and efficiently, using automation and self-service.",APS4/5,Beginner,,,,,7,METL,3,,SINT,2,,PROG,2,,,,,,,,,,,,,,,,,,,,,,,,,,,,,,,,,,,,,,,,,,,,,,,,,,,,,,,,,,,,,,,,,,,,
Lead Technology Architect,Typical APS,ICT,IT Business Management,IT architect,150204,Technology Architecture,,"Technology Architects determine the appropriate technologies to be used in the service development and delivery environment. They monitor emerging technologies and plan technology exploration, implementation and retirement.",EL2,Guru,Strategic,,,,7,CNSL,6,,TECH,5,Y,INOV,5,Y,DESN,5,Y,REQM,4,,CORE,5,,ARCH,4,Y,EMRG,6,Y,INAS,5,,NTDS,6,,SCTY,3,Y,STPL,5,,,,,,,,,,,,,,,,,,,,,,,,,,,,,,,,,,,,,,,,,
Technology Architect,Typical APS,ICT,IT Business Management,IT architect,150204,Technology Architecture,,"Technology Architects determine the appropriate technologies to be used in the service development and delivery environment. They monitor emerging technologies and plan technology exploration, implementation and retirement.",EL1,Expert,Organisation,,,,7,CNSL,5,,TECH,5,Y,INOV,5,,DESN,5,Y,REQM,4,,CORE,4,,ARCH,4,Y,EMRG,6,Y,INAS,5,,NTDS,5,Y,SCTY,3,Y,STPL,5,,,,,,,,,,,,,,,,,,,,,,,,,,,,,,,,,,,,,,,,,
Principle Engineer,Typical APS,ICT,IT Business Management,IT architect,150204,Technology Architecture,,The Principle Engineer has overall responsibility for the technical environment that supports the development and delivery of digital services. They carryout strategic planning to ensure the internal technical environment is always fit for purpose in a continuously evolving external technical environment.,SES1,Guru,,,,,7,CNSL,6,,DLMG,7,,EMRG,6,,GOVN,6,,ITSP,5,,RLMT,6,,DESN,6,,ARCH,6,,STPL,5,,,,,,,,,,,,,,,,,,,,,,,,,,,,,,,,,,,,,,,,,,,,,,,,,,
Lead Solution Architect,Typical APS,ICT,IT Business Management,IT architect,150204,Solution Architecture,,"Solution Architects consider the technical and commercial implications of the solution, ensuring it fits with the overall enterprise architecture of the agency. They guide and carry-out the implementation of technology, and maintain an awareness of current and emerging technologies.",EL2,Guru,Strategic,,,,7,BSMO,5,Y,BPRE,5,,CNSL,6,,TECH,5,Y,INOV,5,,DESN,6,Y,REQM,5,,CORE,4,,ARCH,6,Y,EMRG,5,,INAS,5,,NTDS,5,,DTAN,3,,SCTY,3,Y,SWDN,5,,STPL,5,,,,,,,,,,,,,,,,,,,,,,,,,,,,,
Solution Architect,Typical APS,ICT,IT Business Management,IT architect,150204,Solution Architecture,,"Solution Architects consider the technical and commercial implications of the solution, ensuring it fits with the overall enterprise architecture of the agency. They guide and carry-out the implementation of technology, and maintain an awareness of current and emerging technologies.",EL1,Expert,Organisation,,,,7,BSMO,5,Y,BPRE,5,,CNSL,5,,TECH,5,Y,INOV,5,,DESN,5,Y,REQM,5,,CORE,4,,ARCH,5,Y,EMRG,5,,INAS,5,,NTDS,5,,DTAN,3,,SCTY,3,Y,SWDN,5,,STPL,5,,,,,,,,,,,,,,,,,,,,,,,,,,,,,
Lead Security Architect,Typical APS,ICT,IT Business Management,IT architect,150204,Security Architecture,,"Security Architects design, review, test and assure the technical environment, solution designs and solution implementations in accordance with current and emerging security best practice. They contribute to the technical architecture and security policies and practices.",EL2,Guru,Strategic,,,,7,CNSL,6,,TECH,5,Y,INOV,5,,DESN,5,Y,REQM,4,,CORE,5,,ARCH,4,Y,EMRG,5,,INAS,6,Y,NTDS,5,Y,SCTY,6,Y,STPL,5,,,,,,,,,,,,,,,,,,,,,,,,,,,,,,,,,,,,,,,,,
Security Architect,Typical APS,ICT,IT Business Management,IT architect,150204,Security Architecture,,"Security Architects design, review, test and assure the technical environment, solution designs and solution implementations in accordance with current and emerging security best practice. They contribute to the technical architecture and security policies and practices.",EL1,Expert,Organisation,,,,7,CNSL,5,,TECH,5,Y,INOV,5,,DESN,5,Y,REQM,4,,CORE,4,,ARCH,4,Y,EMRG,5,,INAS,5,Y,NTDS,5,Y,SCTY,5,Y,STPL,5,,,,,,,,,,,,,,,,,,,,,,,,,,,,,,,,,,,,,,,,,
Lead Information Architect,Typical APS,ICT,IT Business Management,IT architect,150204,Information Architecture,,"Information Architects understand, model and design the information requirements and usage of the organisation. They work with other architects to ensure the environment and services within it allow safe and effective management and exploitation of the information holdings of the organisation.",EL2,Guru,Strategic,,,,7,BSMO,5,Y,CNSL,6,,TECH,5,,INOV,5,Y,DESN,5,Y,REQM,4,,CORE,5,,VISL,5,,ISCO,6,,DTAN,5,Y,IRMG,5,Y,STPL,5,,ARCH,4,,,,,,,,,,,,,,,,,,,,,,,,,,,,,,,,,,,,,,
Information Architect,Typical APS,ICT,IT Business Management,IT architect,150204,Information Architecture,,"Information Architects understand, model and design the information requirements and usage of the organisation. They work with other architects to ensure the environment and services within it allow safe and effective management and exploitation of the information holdings of the organisation.",EL1,Expert,Organisation,,,,7,BSMO,5,Y,CNSL,5,,TECH,5,,INOV,5,,DESN,5,Y,REQM,4,,CORE,4,,VISL,5,,ISCO,6,,DTAN,4,Y,IRMG,5,Y,STPL,5,,ARCH,4,,,,,,,,,,,,,,,,,,,,,,,,,,,,,,,,,,,,,,
Digital Information Architect,Typical APS,ICT,IT Business Management,IT architect,150204,Content Strategy,Web Based Information Architect,"Digital Information Architects work with Content Strategists and User Researchers to understand the information needs of users and services, in order to design the information architecture supporting a digital service.",EL1,Expert,Service,SFIA7:UNAN,,,7,RLMT,5,,URCH,5,,USEV,4,,ISCO,6,,CIPM,5,,ICPM,6,,INAN,3,,,,,,,,,,,,,,,,,,,,,,,,,,,,,,,,,,,,,,,,,,,,,,,,,,,,,,,,
Product Manager,Typical APS,ICT,Business Change,Program and Project Manager,150102,Product Management,,"Product Managers work closely with User Researchers and the rest of the delivery team to create and improve a product or service, ensuring it meets user needs. They are responsible for prioritising product component delivery, according to greatest user needs.",EL2,Expert,,,,,7,CIPM,6,,RLMT,6,,DEMM,6,,PROD,5,,REQM,5,,,,,,,,,,,,,,,,,,,,,,,,,,,,,,,,,,,,,,,,,,,,,,,,,,,,,,,,,,,,,,
Product Owner,Typical APS,ICT,Business Change,Program and Project Manager,150102,Product Management,,"Product Owners work closely with User Researchers and the rest of the delivery team to create and improve a product or service, ensuring it meets user needs. They are responsible for prioritising product component delivery, according to greatest user needs.",EL1,Competent,,,,,7,RLMT,5,,DEMM,5,,PROD,4,,REQM,5,,,,,,,,,,,,,,,,,,,,,,,,,,,,,,,,,,,,,,,,,,,,,,,,,,,,,,,,,,,,,,,,,
Lead Delivery Manager,Typical APS,ICT,Business Change,Program and Project Manager,150102,Delivery Management,,"Delivery Managers unblock issues, support the delivery team, and monitor and improve performance of the team. They use agile methodologies, learning and iterating the product and processes frequently to meet user needs. They work with Product Managers to define the roadmap for products and services, remove blockers and support the delivery team so that they can maintain delivery throughput.",EL2,Expert,,,,,7,SORC,4,,ITCM,5,,PGMG,6,,RLMT,6,,RESC,5,,DLMG,5,,METL,5,,PEMT,6,,PRMG,6,,,,,,,,,,,,,,,,,,,,,,,,,,,,,,,,,,,,,,,,,,,,,,,,,,
Delivery Manager,Typical APS,ICT,Business Change,Program and Project Manager,150102,Delivery Management,,"Delivery Managers unblock issues, support the delivery team, and monitor and improve performance of the team. They use agile methodologies, learning and iterating the product and processes frequently to meet user needs. They work with Product Managers to define the roadmap for products and services, remove blockers and support the delivery team so that they can maintain delivery throughput.",EL1,Competent,,,,,7,MEAS,4,,RESC,4,,DLMG,5,,METL,4,,RELM,4,,PEMT,5,,PRMG,5,,,,,,,,,,,,,,,,,,,,,,,,,,,,,,,,,,,,,,,,,,,,,,,,,,,,,,,,
Scrum Master,Typical APS,ICT,Business Change,Program and Project Manager,150102,Delivery Management,,"Scrum Masters support the delivery team, and monitor and improve performance of the team. They use agile methodologies, learning and iterating the product and processes frequently to meet user needs. They work with Delivery Managers to remove blockers and support the delivery team so that they can maintain delivery throughput.",APS6,Competent,,,,,7,METL,3,,RELM,3,,PEMT,4,,PRMG,4,,,,,,,,,,,,,,,,,,,,,,,,,,,,,,,,,,,,,,,,,,,,,,,,,,,,,,,,,,,,,,,,,
Test Manager,Typical APS,ICT,Solutions Implementation,Testing ,150602,Manual Testing,Testing Practice Lead,Test Managers oversee the whole testing practice and manage the deployment of testing resources and testing approaches.,EL1,Guru,Organisation,,,,7,QUMG,5,,QUAS,4,,TECH,5,Y,BPTS,5,,METL,5,Y,TEST,6,Y,PEMT,5,Y,RLMT,4,Y,EMRG,4,,,,,,,,,,,,,,,,,,,,,,,,,,,,,,,,,,,,,,,,,,,,,,,,,,
Senior Performance Tester,Typical APS,ICT,Solutions Implementation,Testing ,150602,Digital Testing,,Performance Testers examine and report on the responsiveness and stability of systems and their components under workloads.,EL1,Expert,Service,,,,7,MEAS,4,,INAN,4,Y,TECH,5,,PROG,4,Y,METL,5,Y,TEST,5,Y,,,,,,,,,,,,,,,,,,,,,,,,,,,,,,,,,,,,,,,,,,,,,,,,,,,,,,,,,,
Performance Tester,Typical APS,ICT,Solutions Implementation,Testing ,150602,Digital Testing,,Performance Testers examine and report on the responsiveness and stability of systems and their components under workloads.,APS6,Competent,Service,,,,7,MEAS,3,,INAN,3,Y,TECH,4,,PROG,3,Y,METL,3,Y,TEST,4,Y,,,,,,,,,,,,,,,,,,,,,,,,,,,,,,,,,,,,,,,,,,,,,,,,,,,,,,,,,,
Senior Automation Tester,Typical APS,ICT,Solutions Implementation,Testing ,150602,Digital Testing,,"Automation Testers construct automated tests which confirm that systems and services function appropriately, and they validate the environment in which these things operate to make sure test results are valid.",EL1,Expert,Service,,,,7,TECH,5,Y,BPTS,4,,PROG,4,Y,METL,4,Y,TEST,5,Y,SINT,2,,,,,,,,,,,,,,,,,,,,,,,,,,,,,,,,,,,,,,,,,,,,,,,,,,,,,,,,,,,
Automation Tester,Typical APS,ICT,Solutions Implementation,Testing ,150602,Digital Testing,,"Automation Testers construct automated tests which confirm that systems and services function appropriately, and they validate the environment in which these things operate to make sure test results are valid.",APS6,Competent,Service,,,,7,TECH,4,Y,BPTS,4,,PROG,3,Y,METL,3,Y,TEST,4,Y,SINT,2,,,,,,,,,,,,,,,,,,,,,,,,,,,,,,,,,,,,,,,,,,,,,,,,,,,,,,,,,,,
Junior Automation Tester,Typical APS,ICT,Solutions Implementation,Testing ,150602,Digital Testing,,"Automation Testers construct automated tests which confirm that systems and services function appropriately, and they validate the environment in which these things operate to make sure test results are valid.",APS4/5,Beginner,Business,,,,7,USEV,2,Y,PROG,2,Y,METL,3,Y,TEST,3,Y,SINT,2,,,,,,,,,,,,,,,,,,,,,,,,,,,,,,,,,,,,,,,,,,,,,,,,,,,,,,,,,,,,,,
Data Migration Tester,Typical APS,ICT,Solutions Implementation,Testing ,150602,Digital Testing,,"Data Migration Testers manage and validate data as it is used or transferred between old and new systems, and within new systems where features of the systems are changing.",APS6,Competent,Service,,,,7,DATM,4,Y,INAS,5,Y,DTAN,2,Y,TECH,4,,METL,4,Y,TEST,5,Y,,,,,,,,,,,,,,,,,,,,,,,,,,,,,,,,,,,,,,,,,,,,,,,,,,,,,,,,,,
Test Lead,Typical APS,ICT,Solutions Implementation,Testing ,150602,Manual Testing,,"Test Leads manage testing activities for a project or service, usually leading a team of testers and providing high-level testing expertise.",APS6,Expert,Organisation,,,,7,BUAN,3,,USEV,3,,RLMT,4,Y,PEMT,4,Y,QUMG,4,,QUAS,3,,TECH,4,,BPTS,4,Y,METL,4,Y,TEST,5,Y,,,,,,,,,,,,,,,,,,,,,,,,,,,,,,,,,,,,,,,,,,,,,,
Senior Test Analyst,Typical APS,ICT,Solutions Implementation,Testing ,150602,Manual Testing,,Test Analysts determine and then carry out testing activities to validate the design and behaviour of systems and services.,APS6,Expert,Service,,,,7,BUAN,3,,USEV,3,Y,QUMG,4,,QUAS,3,Y,TECH,4,,BPTS,4,Y,METL,4,Y,TEST,5,Y,,,,,,,,,,,,,,,,,,,,,,,,,,,,,,,,,,,,,,,,,,,,,,,,,,,,
Test Analyst,Typical APS,ICT,Solutions Implementation,Testing ,150602,Manual Testing,,Test Analysts determine and then carry out testing activities to validate the design and behaviour of systems and services.,APS5,Competent,Service,,,,7,BUAN,3,,USEV,3,Y,QUAS,3,,BPTS,4,Y,METL,4,Y,TEST,4,Y,,,,,,,,,,,,,,,,,,,,,,,,,,,,,,,,,,,,,,,,,,,,,,,,,,,,,,,,,,
Junior Test Analyst,Typical APS,ICT,Solutions Implementation,Testing ,150602,Manual Testing,,Test Analysts determine and then carry out testing activities to validate the design and behaviour of systems and services.,APS4,Beginner,Business,,,,7,USEV,2,,METL,3,Y,TEST,3,Y,,,,,,,,,,,,,,,,,,,,,,,,,,,,,,,,,,,,,,,,,,,,,,,,,,,,,,,,,,,,,,,,,,,
Junior Test Analyst,Typical APS,ICT,Solutions Implementation,Testing ,150602,Manual Testing,,Test Analysts determine and then carry out testing activities to validate the design and behaviour of systems and services.,APS3,Novice,Business,,,,7,TEST,2,Y,,,,,,,,,,,,,,,,,,,,,,,,,,,,,,,,,,,,,,,,,,,,,,,,,,,,,,,,,,,,,,,,,,,,,,,,,
Robotic Process Automation Architect,Typical APS,TBD,TBD,TBD,TBD,Robotic Process Automation Design,,"Robotic Process Automation professionals design, build, test, schedule, monitor and maintain the systems that automate business processes.",EL1,Guru,,,,,7,PROD,6,,OCDV,5,,ETMG,6,,METL,6,,QUAS,6,,EMRG,5,,TECH,6,,INOV,5,,,,,,,,,,,,,,,,,,,,,,,,,,,,,,,,,,,,,,,,,,,,,,,,,,,,,
Robotic Process Automation Analyst,Typical APS,TBD,TBD,TBD,TBD,Robotic Process Automation Design,,"Robotic Process Automation professionals design, build, test, schedule, monitor and maintain the systems that automate business processes.",EL1,Expert,,,,,7,CNSL,5,,RESC,5,,BENM,5,,BPRE,6,,REQM,5,,EMRG,4,,INOV,5,,,,,,,,,,,,,,,,,,,,,,,,,,,,,,,,,,,,,,,,,,,,,,,,,,,,,,,,
Senior Robotic Process Automation Developer,Typical APS,TBD,TBD,TBD,TBD,Robotic Process Automation Development,,"Robotic Process Automation professionals design, build, test, schedule, monitor and maintain the systems that automate business processes.",APS6,Competent,,,,,7,QUAS,4,,EMRG,4,,PEMT,4,,TECH,4,,RLMT,5,,PROG,5,,TEST,5,,SWDN,4,,,,,,,,,,,,,,,,,,,,,,,,,,,,,,,,,,,,,,,,,,,,,,,,,,,,,
Robotic Process Automation Developer,Typical APS,TBD,TBD,TBD,TBD,Robotic Process Automation Development,,"Robotic Process Automation professionals design, build, test, schedule, monitor and maintain the systems that automate business processes.",APS5,Beginner,,,,,7,RLMT,4,,PROG,4,,TEST,4,,SWDN,3,,,,,,,,,,,,,,,,,,,,,,,,,,,,,,,,,,,,,,,,,,,,,,,,,,,,,,,,,,,,,,,,,
Junior Robotic Process Automation Developer,Typical APS,TBD,TBD,TBD,TBD,Robotic Process Automation Development,,"Robotic Process Automation professionals design, build, test, schedule, monitor and maintain the systems that automate business processes.",APS4,Novice,,,,,7,RLMT,4,,PROG,3,,TEST,3,,SWDN,2,,,,,,,,,,,,,,,,,,,,,,,,,,,,,,,,,,,,,,,,,,,,,,,,,,,,,,,,,,,,,,,,,
Process Controller,Typical APS,TBD,TBD,TBD,TBD,Robotic Process Automation Process Control,,"Robotic Process Automation professionals design, build, test, schedule, monitor and maintain the systems that automate business processes.",APS6,Competent,,,,,7,TECH,4,,RLMT,4,,AVMT,5,,SLMO,5,,RELM,5,,,,,,,,,,,,,,,,,,,,,,,,,,,,,,,,,,,,,,,,,,,,,,,,,,,,,,,,,,,,,,
Experience Owner,Typical APS,Service Delivery,Program Delivery,Program & Service Management,230401,Service Management,Digital Service Manager,Experience Owners have responsibility for the successful operation and continuous improvement of the service. They own the budget and allocate funding to areas of the service based on their decisions about priorities.,SES1,Guru,,,,,7,BPRE,7,,INOV,7,,QUMG,7,,RLMT,7,Y,HCEV,6,,KNOW,7,,PROD,6,Y,PGMG,7,,SLMO,7,,DEMM,6,,,,,,,,,,,,,,,,,,,,,,,,,,,,,,,,,,,,,,,,,,,,,,,
Lead Content Strategist,Typical APS,Project and program,Design,Strategic Design,260102,Content Strategy,,"Content Strategists develop a content strategy that steers the creation of unambiguous, meaningful, cohesive, engaging, and sustainable content. They focus on the planning, structure, process, creation, delivery, and governance of content.",EL2,Expert,,,,,7,CORE,5,,CIPM,5,,ITSP,6,,IRMG,6,,RLMT,7,,UNAN,5,,INCA,6,Y,ISCO,6,Y,USEV,6,,,,,,,,,,,,,,,,,,,,,,,,,,,,,,,,,,,,,,,,,,,,,,,,,,
Content Strategist,Typical APS,Project and program,Design,Strategic Design,260102,Content Strategy,,"Content Strategists develop a content strategy that steers the creation of unambiguous, meaningful, cohesive, engaging, and sustainable content. They focus on the planning, structure, process, creation, delivery, and governance of content.",EL1,Competent,,,,,7,ITSP,5,,IRMG,5,,RLMT,5,,HCEV,5,,UNAN,4,,DESN,5,,INCA,6,Y,ISCO,6,,ICPM,6,,USEV,6,Y,,,,,,,,,,,,,,,,,,,,,,,,,,,,,,,,,,,,,,,,,,,,,,
Lead Engineer,Typical APS,ICT,Solutions Development,Development and Programming,150501,Engineering Lead,Lead Developer,"Solution Engineers design, test and implement solutions that deliver a digital service.",EL2,Expert,,,,,7,BPRE,5,,CNSL,5,,DLMG,6,,EMRG,6,,GOVN,6,,TECH,6,,METL,6,,SINT,6,,DESN,5,,SWDN,6,,PROG,6,,,,,,,,,,,,,,,,,,,,,,,,,,,,,,,,,,,,,,,,,,,,
Senior Engineer,Typical APS,ICT,Solutions Development,Development and Programming,150501,Solution Engineering,Senior Developer,"Solution Engineers design, test and implement solutions that deliver a digital service.",EL1,Competent,,,,,7,PORT,6,,EMRG,4,,TEST,4,,TECH,4,,METL,5,,SINT,5,,DESN,4,,SWDN,4,,PROG,5,,,,,,,,,,,,,,,,,,,,,,,,,,,,,,,,,,,,,,,,,,,,,,,,,,
Engineer,Typical APS,ICT,Solutions Development,Development and Programming,150501,Solution Engineering,Developer,"Solution Engineers design, test and implement solutions that deliver a digital service.",APS6,Competent,,,,,7,PORT,4,,TEST,3,,METL,4,,SINT,5,,DESN,4,,SWDN,3,,PROG,4,,,,,,,,,,,,,,,,,,,,,,,,,,,,,,,,,,,,,,,,,,,,,,,,,,,,,,,,
Associate Engineer,Typical APS,ICT,Solutions Development,Development and Programming,150501,Solution Engineering,Junior Developer,"Solution Engineers design, test and implement solutions that deliver a digital service.",APS4/5,Beginner,,,,,7,PORT,3,,TEST,1,,SINT,2,,SWDN,2,,PROG,2,,,,,,,,,,,,,,,,,,,,,,,,,,,,,,,,,,,,,,,,,,,,,,,,,,,,,,,,,,,,,,
User Researcher Director,Typical APS,Research,Research,User Research,270306,User Research,,User Researcher Directors oversee the user-centred research discipline within an organisation. They ensure the user research practice develops a deep understanding of the users and uses that research to improve the user’s experience.,EL2,Expert,,,,,7,RLMT,6,Y,TECH,6,Y,RSCH,6,Y,HCEV,5,,USEV,6,Y,URCH,6,Y,,,,,,,,,,,,,,,,,,,,,,,,,,,,,,,,,,,,,,,,,,,,,,,,,,,,,,,,,,
Quantitative Researcher,Typical APS,Research,Research,User Research,270306,User Research,,"Quantitative Researchers investigate and quantify the opinions, attitudes, behaviours, etc. of groups of people in order to uncover patterns in behaviour, motivation, preferences etc. that can inform the improvement of government services. 
 ",EL1,Expert,,,,,7,VISL,5,,INAN,5,Y,METL,5,,RLMT,5,,TECH,5,Y,RSCH,5,Y,MEAS,5,Y,,,,,,,,,,,,,,,,,,,,,,,,,,,,,,,,,,,,,,,,,,,,,,,,,,,,,,,
Lead User Researcher,Typical APS,Research,Research,User Research,270306,User Research,,"User Researchers design, organise, participate in and carry out user-centred research. They develop a deep understanding of the users and advocate for recommendations that improve the user’s experiences with the service. They use research findings to solve problems for the user and the team/Agency. They may contribute to the creation of prototypes for user testing.",EL1,Expert,,,,,7,RLMT,5,Y,TECH,5,Y,BUAN,4,,UNAN,5,Y,RSCH,5,Y,HCEV,4,,USEV,5,Y,URCH,5,Y,,,,,,,,,,,,,,,,,,,,,,,,,,,,,,,,,,,,,,,,,,,,,,,,,,,,
User Researcher,Typical APS,Research,Research,User Research,270306,User Research,,"User Researchers design, organise, participate in and carry out user-centred research. They develop a deep understanding of the users and advocate for recommendations that improve the user’s experiences with the service. They use research findings to solve problems for the user and the team/Agency. They may contribute to the creation of prototypes for user testing.",APS6,Competent,,,,,7,TECH,4,Y,BUAN,3,,UNAN,4,Y,RSCH,4,Y,HCEV,4,,USEV,4,Y,URCH,4,Y,,,,,,,,,,,,,,,,,,,,,,,,,,,,,,,,,,,,,,,,,,,,,,,,,,,,,,,
Junior User Researcher,Typical APS,Research,Research,User Research,270306,User Research,,"User Researchers design, organise, participate in and carry out user-centred research. They develop a deep understanding of the users and advocate for recommendations that improve the user’s experiences with the service. They use research findings to solve problems for the user and the team/Agency. They may contribute to the creation of prototypes for user testing.",APS4/5,Beginner,,,,,7,UNAN,3,Y,RSCH,2,Y,HCEV,3,,USEV,2,Y,URCH,3,Y,,,,,,,,,,,,,,,,,,,,,,,,,,,,,,,,,,,,,,,,,,,,,,,,,,,,,,,,,,,,,
Lead Accessibility Advisor,Typical APS,Service Delivery,Program Delivery,Specialist Adviser,230409,Accessibility,,Accessibility Advisors identify all current and potential user groups and advocate for service design & development approaches and practices that ensure their needs are taken into account.,EL1,Expert,,,,,7,SWDN,2,,METL,6,,RLMT,6,,TECH,6,,QUAS,6,,UNAN,5,,TEST,6,,CORE,6,,USEV,5,,PROG,2,,,,,,,,,,,,,,,,,,,,,,,,,,,,,,,,,,,,,,,,,,,,,,,
Accessibility Practitioner,Typical APS,Service Delivery,Program Delivery,Specialist Adviser,230409,Accessibility,,"Accessibility Practitioners identify all current and potential user groups and coordinate their participation in the design, development and testing process to ensure that the services created are inclusive.",APS5/6,Competent,,,,,7,METL,5,,TECH,5,,QUAS,4,,UNAN,4,,TEST,4,,CORE,4,,USEV,4,,PROG,2,,,,,,,,,,,,,,,,,,,,,,,,,,,,,,,,,,,,,,,,,,,,,,,,,,,,,
Design Director,Typical APS,Project and program,Design,Service Design,260104,Design,,"Design Directors oversee the whole Design discipline, including Service Design, Interaction Design and Content Design. They ensure that the approach and practices are user centred and research informed.",EL2,Guru,,,,,7,RLMT,6,,ITSP,6,,USEV,6,,HCEV,6,,URCH,6,,DESN,6,,,,,,,,,,,,,,,,,,,,,,,,,,,,,,,,,,,,,,,,,,,,,,,,,,,,,,,,,,,
Lead Interaction Designer,Typical APS,Project and program,Design,Service Design,260104,Interaction Design,,"Interaction Designers research, design and test the scenarios, interaction patterns and interface systems that make up an interaction with a service. They makes decisions based on the evidence of user needs in pursuit of the best service. They prototype and test products/services. They create user journey maps and assist with and participating in user research. They collaborate and manage stakeholders.",EL1,Expert,,,,,7,TECH,5,,RLMT,5,,BUAN,4,,USEV,4,,HCEV,5,,UNAN,5,,URCH,5,,SWDN,4,,,,,,,,,,,,,,,,,,,,,,,,,,,,,,,,,,,,,,,,,,,,,,,,,,,,,
Interaction Designer,Typical APS,Project and program,Design,Service Design,260104,Interaction Design,,"Interaction Designers research, design and test the scenarios, interaction patterns and interface systems that make up an interaction with a service. They makes decisions based on the evidence of user needs in pursuit of the best service. They prototype and test products/services. They create user journey maps and assist with and participating in user research. They collaborate and manage stakeholders.",APS6,Competent,,,,,7,USEV,3,,HCEV,4,,UNAN,3,,URCH,4,,SWDN,3,,,,,,,,,,,,,,,,,,,,,,,,,,,,,,,,,,,,,,,,,,,,,,,,,,,,,,,,,,,,,,
Service Design Director,Typical APS,Project and program,Design,Service Design,260104,Service Design,,Service Design Directors oversee the Service Design discipline and ensure that services are designed in accordance with user needs.,EL2,Guru,,SFIA7:URCH,SFIA7:PRMG,,7,TECH,6,,RLMT,6,,CIPM,6,,ORDI,6,,BPRE,6,,MEAS,5,,USEV,6,,HCEV,6,,DESN,6,,,,,,,,,,,,,,,,,,,,,,,,,,,,,,,,,,,,,,,,,,,,,,,,,,
Senior Service Designer,Typical APS,Project and program,Design,Content and Useability Design and Testing,260103,Service Design,,"Service Designers research, prototype and test service deigns, create customer journey maps and carryout stakeholder management. ",EL1,Expert,,SFIA7:URCH,SFIA7:PRMG,,7,RLMT,5,,CIPM,5,,ORDI,5,,BPRE,5,,MEAS,4,,USEV,5,,HCEV,5,,DESN,5,,,,,,,,,,,,,,,,,,,,,,,,,,,,,,,,,,,,,,,,,,,,,,,,,,,,,
Service Designer,Typical APS,Project and program,Design,Content and Useability Design and Testing,260103,Service Design,,"Service Designers research, prototype and test service deigns, create customer journey maps and carryout stakeholder management. ",APS6,Competent,,,,,7,USEV,3,,HCEV,5,,URCH,4,,DESN,4,,,,,,,,,,,,,,,,,,,,,,,,,,,,,,,,,,,,,,,,,,,,,,,,,,,,,,,,,,,,,,,,,
Design Officer,Typical APS,Project and program,Design,Content and Useability Design and Testing,260103,Design,,"Design Officers contribute to the creation, development and improvement of designs for a service.",APS4/5,Novice,,,,,7,USEV,2,,HCEV,3,,URCH,3,,DESN,2,,,,,,,,,,,,,,,,,,,,,,,,,,,,,,,,,,,,,,,,,,,,,,,,,,,,,,,,,,,,,,,,,
Lead Content Designer,Typical APS,Project and program,Design,Content and Useability Design and Testing,260103,Content Design,,"Content Designers create, curate, organise, layout, evaluate, review and continuously improve the content of a digital service, designed around user needs.",EL1,Expert,,,,,7,RLMT,4,,DESN,4,Y,DTAN,3,,USEV,2,,BSMO,3,,URCH,4,,HCEV,3,,ICPM,6,Y,INCA,5,Y,,,,,,,,,,,,,,,,,,,,,,,,,,,,,,,,,,,,,,,,,,,,,,,,,
Content Designer,Typical APS,Project and program,Design,Content and Useability Design and Testing,260103,Content Design,,"Content Designers create, curate, organise, layout, evaluate, review and continuously improve the content of a digital service, designed around user needs.",APS6,Competent,,,,,7,DTAN,2,,USEV,2,Y,BSMO,2,,URCH,3,,HCEV,3,Y,ICPM,4,Y,INCA,4,Y,,,,,,,,,,,,,,,,,,,,,,,,,,,,,,,,,,,,,,,,,,,,,,,,,,,,,,,
Content Writer,Typical APS,Project and program,Design,Content and Useability Design and Testing,260103,Content Design,,"Content Writers create, curate, organise, layout, evaluate, review and continuously improve the content of a digital service, designed around user needs.",APS4/5,Beginner,,,,,7,HCEV,3,Y,ICPM,2,Y,INCA,3,Y,,,,,,,,,,,,,,,,,,,,,,,,,,,,,,,,,,,,,,,,,,,,,,,,,,,,,,,,,,,,,,,,,,,
Senior Visual Communication Designer,Typical APS,Communications and Marketing,Creative Design,Graphic Design,120201,Graphic Design,Senior Graphic Designer,"Visual Communication Designers interpret information content and create visual representations and/or layouts of that content to aid user consumption. They select and implement the best method of delivering content, including forms of online and off-line publication.",EL1,Expert,,,,,7,RLMT,4,,MKTG,4,Y,EMRG,6,,VISL,5,Y,ADEV,5,,HCEV,5,,ICPM,5,Y,INCA,4,Y,,,,,,,,,,,,,,,,,,,,,,,,,,,,,,,,,,,,,,,,,,,,,,,,,,,,
Visual Communication Designer,Typical APS,Communications and Marketing,Creative Design,Graphic Design,120201,Graphic Design,Graphic Designer,"Visual Communication Designers interpret information content and create visual representations and/or layouts of that content to aid user consumption. They select and implement the best method of delivering content, including forms of online and off-line publication.",APS6,Competent,,,,,7,EMRG,4,,VISL,4,Y,ADEV,4,,HCEV,4,,ICPM,4,Y,INCA,3,Y,CSMG,3,,,,,,,,,,,,,,,,,,,,,,,,,,,,,,,,,,,,,,,,,,,,,,,,,,,,,,,,
Junior Visual Communication Designer,Typical APS,Communications and Marketing,Creative Design,Graphic Design,120201,Graphic Design,Junior Graphic Designer,"Visual Communication Designers interpret information content and create visual representations and/or layouts of that content to aid user consumption. They select and implement the best method of delivering content, including forms of online and off-line publication.",APS4/5,Beginner,,,,,7,ADEV,3,,HCEV,3,,ICPM,2,Y,INCA,3,Y,CSMG,3,,,,,,,,,,,,,,,,,,,,,,,,,,,,,,,,,,,,,,,,,,,,,,,,,,,,,,,,,,,,,,
Cyber Advisor,Typical APS,Intelligence,Security,Security Advisor,170503,Cyber Security Advice and Assessment,,"Cyber Advisors  provide ICT security advice and assistance to government, including policy creation, project advice and assistance, and research.",APS4,Beginner,Service,,,,7,RSCH,2,,TECH,4,Y,,,,,,,,,,,,,,,,,,,,,,,,,,,,,,,,,,,,,,,,,,,2.4,A1,2,,A2,2,,A3,2,,A6,3,Y,B3,3,,D1,2,Y,I1,2,,I2,2,,,,
Cyber Advisor,Typical APS,Intelligence,Security,Security Advisor,170503,Cyber Security Advice and Assessment,,"Cyber Advisors  provide ICT security advice and assistance to government, including policy creation, project advice and assistance, and research.",APS5,Competent,Service,,,,7,DESN,4,,RSCH,3,,TECH,4,Y,,,,,,,,,,,,,,,,,,,,,,,,,,,,,,,,,,,,,,,,2.4,A1,2,,A2,3,,A3,2,,A6,3,Y,B3,3,,D1,3,Y,I1,3,,I2,2,,,,
Senior Cyber Advisor,Typical APS,Intelligence,Security,Security Advisor,170503,Cyber Security Advice and Assessment,,"Cyber Advisors  provide ICT security advice and assistance to government, including policy creation, project advice and assistance, and research.",APS6,Expert,Organisation,,,,7,DESN,4,,RSCH,4,,TECH,4,Y,,,,,,,,,,,,,,,,,,,,,,,,,,,,,,,,,,,,,,,,2.4,A1,3,,A2,3,,A3,3,,A6,4,Y,B3,3,,D1,3,Y,E1,3,,I1,4,,I2,2,
Lead Cyber Advisor,Typical APS,Intelligence,Security,Security Advisor,170503,Cyber Security Advice and Assessment,,"Cyber Advisors  provide ICT security advice and assistance to government, including policy creation, project advice and assistance, and research.",EL1,Expert,Organisation,,,,7,DLMG,5,,DESN,5,,RSCH,5,,TECH,5,Y,,,,,,,,,,,,,,,,,,,,,,,,,,,,,,,,,,,,,2.4,A1,5,,A2,4,,A3,5,,A6,5,Y,B3,4,,D1,5,Y,E1,4,,I1,5,,I2,2,
Principal Cyber Advisor,Typical APS,Intelligence,Security,Security Advisor,170503,Cyber Security Advice and Assessment,,"Cyber Advisors  provide ICT security advice and assistance to government, including policy creation, project advice and assistance, and research.",EL2,Guru,Strategic,,,,7,DLMG,6,,DESN,6,,RSCH,6,,TECH,6,Y,,,,,,,,,,,,,,,,,,,,,,,,,,,,,,,,,,,,,2.4,A1,6,,A2,6,,A3,6,,A6,6,Y,B3,5,,D1,6,Y,E1,6,,I1,6,,I2,2,
Vulnerability Researcher,Typical APS,Intelligence,Security,Security Investigation,170504,Vulnerability Research,,"Vulnerability Researchers perform research on known vulnerabilities and exploits to develop mitigation strategies and tools that can be deployed on network infrastructures, apps and websites. ",APS4,Beginner,Service,,,,7,SWDN,2,,PROG,2,,RSCH,3,,TECH,4,,,,,,,,,,,,,,,,,,,,,,,,,,,,,,,,,,,,,,2.4,A6,2,,D3,2,Y,I1,3,,I2,2,Y,,,,,,,,,,,,,,,
Vulnerability Researcher,Typical APS,Intelligence,Security,Security Investigation,170504,Vulnerability Research,,"Vulnerability Researchers perform research on known vulnerabilities and exploits to develop mitigation strategies and tools that can be deployed on network infrastructures, apps and websites. ",APS5,Competent,Service,,,,7,DESN,4,Y,SWDN,3,,PROG,3,,RSCH,3,,TECH,4,,,,,,,,,,,,,,,,,,,,,,,,,,,,,,,,,,,2.4,A6,2,,D3,3,Y,D4,3,,E2,3,,F1,2,Y,I1,3,,I2,3,Y,,,,,,
Senior Vulnerability Researcher,Typical APS,Intelligence,Security,Security Investigation,170504,Vulnerability Research,,"Vulnerability Researchers perform research on known vulnerabilities and exploits to develop mitigation strategies and tools that can be deployed on network infrastructures, apps and websites. ",APS6,Expert,Organisation,,,,7,DESN,4,Y,SWDN,3,,PROG,4,,RSCH,3,,TECH,4,,,,,,,,,,,,,,,,,,,,,,,,,,,,,,,,,,,2.4,A6,2,,D3,3,Y,D4,3,,E2,4,,F1,2,Y,I1,3,,I2,4,Y,,,,,,
Lead Vulnerability Researcher,Typical APS,Intelligence,Security,Security Investigation,170504,Vulnerability Research,,"Vulnerability Researchers perform research on known vulnerabilities and exploits to develop mitigation strategies and tools that can be deployed on network infrastructures, apps and websites. ",EL1,Expert,Organisation,,,,7,DESN,4,Y,SWDN,4,,PROG,5,,PENT,4,,RSCH,3,,TECH,5,,,,,,,,,,,,,,,,,,,,,,,,,,,,,,,,2.4,A6,2,,D3,4,Y,D4,4,,E2,5,,F1,2,Y,I1,3,,I2,5,Y,,,,,,
Principal Vulnerability Researcher,Typical APS,Intelligence,Security,Security Investigation,170504,Vulnerability Research,,"Vulnerability Researchers perform research on known vulnerabilities and exploits to develop mitigation strategies and tools that can be deployed on network infrastructures, apps and websites. ",EL2,Guru,Strategic,,,,7,DESN,4,Y,SWDN,4,,PROG,5,,PENT,4,,RSCH,3,,TECH,6,,,,,,,,,,,,,,,,,,,,,,,,,,,,,,,,2.4,A6,2,,D3,5,Y,D4,4,,E2,5,,F1,2,Y,I1,3,,I2,6,Y,,,,,,
Cyber Threat Analyst,Typical APS,Intelligence,Security,Security Performance Review,170505,Threat Analysis,,Cyber Threat Analysts need to understand cyber intrusion activities then use their research skills to provide reporting on threat modelling and intelligence.,APS4,Beginner,Service,,,,7,RSCH,3,,,,,,,,,,,,,,,,,,,,,,,,,,,,,,,,,,,,,,,,,,,,,,,2.4,A1,3,,A6,2,,B1,3,Y,B2,3,,B3,2,,F1,3,Y,I1,3,,,,,,,
Cyber Threat Analyst,Typical APS,Intelligence,Security,Security Performance Review,170505,Threat Analysis,,Cyber Threat Analysts need to understand cyber intrusion activities then use their research skills to provide reporting on threat modelling and intelligence.,APS5,Competent,Service,,,,7,RSCH,3,,,,,,,,,,,,,,,,,,,,,,,,,,,,,,,,,,,,,,,,,,,,,,,2.4,A1,3,,A6,2,,B1,4,Y,B2,3,,B3,2,,F1,3,Y,I1,3,,,,,,,
Senior Cyber Threat Analyst,Typical APS,Intelligence,Security,Security Performance Review,170505,Threat Analysis,,Cyber Threat Analysts need to understand cyber intrusion activities then use their research skills to provide reporting on threat modelling and intelligence.,APS6,Expert,Organisation,,,,7,RSCH,4,,,,,,,,,,,,,,,,,,,,,,,,,,,,,,,,,,,,,,,,,,,,,,,2.4,A1,3,,A6,2,,B1,4,Y,B2,4,,B3,2,,F1,4,Y,I1,4,,,,,,,
Lead Cyber Threat Analyst,Typical APS,Intelligence,Security,Security Performance Review,170505,Threat Analysis,,Cyber Threat Analysts need to understand cyber intrusion activities then use their research skills to provide reporting on threat modelling and intelligence.,EL1,Expert,Organisation,,,,7,RSCH,4,,TECH,5,,,,,,,,,,,,,,,,,,,,,,,,,,,,,,,,,,,,,,,,,,,,2.4,A1,3,,A6,2,,B1,5,Y,B2,5,,B3,2,,F1,5,Y,I1,4,,,,,,,
Principal Cyber Threat Analyst,Typical APS,Intelligence,Security,Security Performance Review,170505,Threat Analysis,,Cyber Threat Analysts need to understand cyber intrusion activities then use their research skills to provide reporting on threat modelling and intelligence.,EL2,Guru,Strategic,,,,7,RSCH,4,,TECH,5,,,,,,,,,,,,,,,,,,,,,,,,,,,,,,,,,,,,,,,,,,,,2.4,A1,3,,A6,2,,B1,6,Y,B2,6,,B3,2,,F1,6,Y,I1,4,,,,,,,
Intrusion Analyst,Typical APS,Intelligence,Security,Security Performance Review,170505,Intrusion Analysis,,"Intrusion Analysts identify, track and discover sophisticated malicious cyber activity targeting Australian Government systems and networks.",APS4,Beginner,Service,,,,7,RSCH,2,,,,,,,,,,,,,,,,,,,,,,,,,,,,,,,,,,,,,,,,,,,,,,,2.4,A3,1,,A6,2,,B1,3,Y,D4,3,,F1,3,Y,F3,3,Y,I1,2,,,,,,,
Intrusion Analyst,Typical APS,Intelligence,Security,Security Performance Review,170505,Intrusion Analysis,,"Intrusion Analysts identify, track and discover sophisticated malicious cyber activity targeting Australian Government systems and networks.",APS5,Competent,Service,,,,7,RSCH,2,,,,,,,,,,,,,,,,,,,,,,,,,,,,,,,,,,,,,,,,,,,,,,,2.4,A3,1,,A6,2,,B1,3,Y,D4,3,,F1,4,Y,F3,3,Y,I1,2,,,,,,,
Senior Intrusion Analyst,Typical APS,Intelligence,Security,Security Performance Review,170505,Intrusion Analysis,,"Intrusion Analysts identify, track and discover sophisticated malicious cyber activity targeting Australian Government systems and networks.",APS6,Expert,Organisation,,,,7,RSCH,2,,,,,,,,,,,,,,,,,,,,,,,,,,,,,,,,,,,,,,,,,,,,,,,2.4,A3,1,,A6,2,,B1,4,Y,D4,3,,F1,5,Y,F2,3,,F3,3,Y,I1,2,,,,
Lead Intrusion Analyst,Typical APS,Intelligence,Security,Security Performance Review,170505,Intrusion Analysis,,"Intrusion Analysts identify, track and discover sophisticated malicious cyber activity targeting Australian Government systems and networks.",EL1,Expert,Organisation,,,,7,RSCH,2,,TECH,4,,,,,,,,,,,,,,,,,,,,,,,,,,,,,,,,,,,,,,,,,,,,2.4,A3,3,,A6,2,,B1,5,Y,D4,3,,F1,6,Y,F2,4,,F3,3,Y,I1,2,,,,
Principal Intrusion Analyst,Typical APS,Intelligence,Security,Security Performance Review,170505,Intrusion Analysis,,"Intrusion Analysts identify, track and discover sophisticated malicious cyber activity targeting Australian Government systems and networks.",EL2,Guru,Strategic,,,,7,RSCH,2,,TECH,5,,,,,,,,,,,,,,,,,,,,,,,,,,,,,,,,,,,,,,,,,,,,2.4,A3,3,,A6,2,,B1,6,Y,D4,3,,F1,6,Y,F2,4,,F3,3,Y,I1,2,,,,
Malware Analyst,Typical APS,Intelligence,Security,Security Investigation,170504,Malware Analysis,,"Malware Analysts identify and understanding malware code, then create code that can defend networks against cyber-attacks.",APS4,Beginner,Service,,,,7,PROG,2,Y,TECH,4,,,,,,,,,,,,,,,,,,,,,,,,,,,,,,,,,,,,,,,,,,,,2.4,A6,2,,E2,2,,F3,1,Y,I2,3,Y,,,,,,,,,,,,,,,
Malware Analyst,Typical APS,Intelligence,Security,Security Investigation,170504,Malware Analysis,,"Malware Analysts identify and understanding malware code, then create code that can defend networks against cyber-attacks.",APS5,Competent,Service,,,,7,DESN,4,,SWDN,3,,PROG,3,Y,TECH,4,,,,,,,,,,,,,,,,,,,,,,,,,,,,,,,,,,,,,,2.4,A6,2,,B2,2,,E2,3,,F3,3,Y,I2,4,Y,,,,,,,,,,,,
Senior Malware Analyst,Typical APS,Intelligence,Security,Security Investigation,170504,Malware Analysis,,"Malware Analysts identify and understanding malware code, then create code that can defend networks against cyber-attacks.",APS6,Expert,Organisation,,,,7,DESN,4,,SWDN,4,,PROG,4,Y,DGFS,4,Y,TECH,4,,,,,,,,,,,,,,,,,,,,,,,,,,,,,,,,,,,2.4,A6,2,,B2,3,,D2,2,,D4,3,,E1,2,,E2,4,,F3,4,Y,I2,5,Y,,,
Lead Malware Analyst,Typical APS,Intelligence,Security,Security Investigation,170504,Malware Analysis,,"Malware Analysts identify and understanding malware code, then create code that can defend networks against cyber-attacks.",EL1,Expert,Organisation,,,,7,DESN,4,,SWDN,4,,PROG,4,Y,DGFS,5,Y,TECH,4,,,,,,,,,,,,,,,,,,,,,,,,,,,,,,,,,,,2.4,A6,2,,B2,4,,D2,2,,D4,3,,E1,2,,E2,4,,F3,5,Y,I2,6,Y,,,
Principal Malware Analyst,Typical APS,Intelligence,Security,Security Investigation,170504,Malware Analysis,,"Malware Analysts identify and understanding malware code, then create code that can defend networks against cyber-attacks.",EL2,Guru,Strategic,,,,7,DESN,4,,SWDN,4,,PROG,4,Y,DGFS,5,Y,TECH,5,,,,,,,,,,,,,,,,,,,,,,,,,,,,,,,,,,,2.4,A6,2,,B2,5,,D2,2,,D4,3,,E1,2,,E2,5,,F3,5,Y,I2,6,Y,,,
Incident Responder,Typical APS,ICT,Service Delivery,ICT Security,150305,Incident Response,,"Incident Responders analyse and investigate a range of complex cyber and information security tasks, including forensic analysis to find sophisticated malicious cyber actors and provide remediation and mitigation advice to protect and secure Australian government systems and networks.",APS4,Beginner,Service,,,,,,,,,,,,,,,,,,,,,,,,,,,,,,,,,,,,,,,,,,,,,,,,,,,,,2.4,A6,1,,B1,2,,D4,2,,E1,2,Y,F1,2,Y,F2,2,Y,F3,2,,I2,1,,,,
Incident Responder,Typical APS,ICT,Service Delivery,ICT Security,150305,Incident Response,,"Incident Responders analyse and investigate a range of complex cyber and information security tasks, including forensic analysis to find sophisticated malicious cyber actors and provide remediation and mitigation advice to protect and secure Australian government systems and networks.",APS5,Competent,Service,,,,,,,,,,,,,,,,,,,,,,,,,,,,,,,,,,,,,,,,,,,,,,,,,,,,,2.4,A6,2,,B1,2,,D4,2,,E1,3,Y,F1,3,Y,F2,3,Y,F3,3,,I2,2,,,,
Senior Incident Responder,Typical APS,ICT,Service Delivery,ICT Security,150305,Incident Response,,"Incident Responders analyse and investigate a range of complex cyber and information security tasks, including forensic analysis to find sophisticated malicious cyber actors and provide remediation and mitigation advice to protect and secure Australian government systems and networks.",APS6,Expert,Organisation,,,,7,DGFS,4,,,,,,,,,,,,,,,,,,,,,,,,,,,,,,,,,,,,,,,,,,,,,,,2.4,A6,2,,B1,2,,D4,2,,E1,4,Y,F1,4,Y,F2,5,Y,F3,4,,I2,2,,,,
Lead Incident Responder,Typical APS,ICT,Service Delivery,ICT Security,150305,Incident Response,,"Incident Responders analyse and investigate a range of complex cyber and information security tasks, including forensic analysis to find sophisticated malicious cyber actors and provide remediation and mitigation advice to protect and secure Australian government systems and networks.",EL1,Expert,Organisation,,,,7,DGFS,5,,TECH,4,,,,,,,,,,,,,,,,,,,,,,,,,,,,,,,,,,,,,,,,,,,,2.4,A6,2,,B1,3,,D4,2,,E1,5,Y,F1,5,Y,F2,6,Y,F3,5,,I2,2,,,,
Principal Incident Responder,Typical APS,ICT,Service Delivery,ICT Security,150305,Incident Response,,"Incident Responders analyse and investigate a range of complex cyber and information security tasks, including forensic analysis to find sophisticated malicious cyber actors and provide remediation and mitigation advice to protect and secure Australian government systems and networks.",EL2,Guru,Strategic,,,,7,DGFS,6,,TECH,4,,,,,,,,,,,,,,,,,,,,,,,,,,,,,,,,,,,,,,,,,,,,2.4,A6,2,,B1,3,,D4,2,,E1,5,Y,F1,6,Y,F2,6,Y,F3,6,,I2,2,,,,
Operations Coordinator,Typical APS,ICT,Service Delivery,ICT Security,150305,Operations Coordination,,"Operations Coordinators plan and coordinate incident responses for cyber intrusions affecting Australian Government, industry and networks.",APS4,Beginner,Service,,,,,,,,,,,,,,,,,,,,,,,,,,,,,,,,,,,,,,,,,,,,,,,,,,,,,2.4,A5,2,,A6,2,,A7,3,Y,B1,2,,B3,3,Y,D1,3,,D3,1,,E1,2,,F2,3,Y
Operations Coordinator,Typical APS,ICT,Service Delivery,ICT Security,150305,Operations Coordination,,"Operations Coordinators plan and coordinate incident responses for cyber intrusions affecting Australian Government, industry and networks.",APS5,Competent,Service,,,,,,,,,,,,,,,,,,,,,,,,,,,,,,,,,,,,,,,,,,,,,,,,,,,,,2.4,A5,2,,A6,2,,A7,3,Y,B1,2,,B3,4,Y,D1,4,,D3,1,,E1,2,,F2,3,Y
Senior Operations Coordinator,Typical APS,ICT,Service Delivery,ICT Security,150305,Operations Coordination,,"Operations Coordinators plan and coordinate incident responses for cyber intrusions affecting Australian Government, industry and networks.",APS6,Expert,Organisation,,,,,,,,,,,,,,,,,,,,,,,,,,,,,,,,,,,,,,,,,,,,,,,,,,,,,2.4,A5,2,,A6,2,,A7,4,Y,B1,2,,B3,5,Y,D1,4,,D3,2,,E1,2,,F2,4,Y
Lead Operations Coordinator,Typical APS,ICT,Service Delivery,ICT Security,150305,Operations Coordination,,"Operations Coordinators plan and coordinate incident responses for cyber intrusions affecting Australian Government, industry and networks.",EL1,Expert,Organisation,,,,7,TECH,4,,,,,,,,,,,,,,,,,,,,,,,,,,,,,,,,,,,,,,,,,,,,,,,2.4,A5,2,,A6,2,,A7,4,Y,B1,2,,B3,6,Y,D1,5,,D3,2,,E1,2,,F2,5,Y
Principal Operations Coordinator,Typical APS,ICT,Service Delivery,ICT Security,150305,Operations Coordination,,"Operations Coordinators plan and coordinate incident responses for cyber intrusions affecting Australian Government, industry and networks.",EL2,Guru,Strategic,,,,7,TECH,5,,,,,,,,,,,,,,,,,,,,,,,,,,,,,,,,,,,,,,,,,,,,,,,2.4,A5,2,,A6,2,,A7,5,Y,B1,2,,B3,6,Y,D1,6,,D3,2,,E1,2,,F2,6,Y
Penetration Tester,Typical APS,Intelligence,Security,Security Performance Review,170505,Penetration Testing,,Penetration Testers analyse IT systems to determine configuration weaknesses and faults that would impact on security and business then produce reports detailing the findings and recommendations for improved network security.,APS4,Beginner,Service,,,,7,DESN,4,,SWDN,2,,PROG,2,,,,,,,,,,,,,,,,,,,,,,,,,,,,,,,,,,,,,,,,,2.4,A6,2,,B2,2,Y,D2,2,,D4,3,Y,E1,2,,E2,2,,,,,,,,,,
Penetration Tester,Typical APS,Intelligence,Security,Security Performance Review,170505,Penetration Testing,,Penetration Testers analyse IT systems to determine configuration weaknesses and faults that would impact on security and business then produce reports detailing the findings and recommendations for improved network security.,APS5,Competent,Service,,,,7,DESN,4,,SWDN,2,,PROG,2,,PENT,4,Y,,,,,,,,,,,,,,,,,,,,,,,,,,,,,,,,,,,,,2.4,A6,2,,B2,2,Y,D2,2,,D4,4,Y,E1,2,,E2,2,,F3,3,Y,I2,3,,,,
Senior Penetration Tester,Typical APS,Intelligence,Security,Security Performance Review,170505,Penetration Testing,,Penetration Testers analyse IT systems to determine configuration weaknesses and faults that would impact on security and business then produce reports detailing the findings and recommendations for improved network security.,APS6,Expert,Organisation,,,,7,DESN,4,,SWDN,3,,PROG,3,,PENT,4,Y,,,,,,,,,,,,,,,,,,,,,,,,,,,,,,,,,,,,,2.4,A6,2,,B2,2,Y,D2,3,,D4,4,Y,E1,3,,E2,3,,F3,3,Y,I2,3,,,,
Lead Penetration Tester,Typical APS,Intelligence,Security,Security Performance Review,170505,Penetration Testing,,Penetration Testers analyse IT systems to determine configuration weaknesses and faults that would impact on security and business then produce reports detailing the findings and recommendations for improved network security.,EL1,Expert,Organisation,,,,7,DESN,4,,SWDN,3,,PROG,3,,PENT,5,Y,DGFS,4,Y,TECH,4,Y,,,,,,,,,,,,,,,,,,,,,,,,,,,,,,,2.4,A6,2,,B2,3,Y,D2,3,,D4,5,Y,E1,3,,E2,4,,F1,2,,F3,4,Y,I2,4,
Principal Penetration Tester,Typical APS,Intelligence,Security,Security Performance Review,170505,Penetration Testing,,Penetration Testers analyse IT systems to determine configuration weaknesses and faults that would impact on security and business then produce reports detailing the findings and recommendations for improved network security.,EL2,Guru,Strategic,,,,7,DESN,4,,SWDN,4,,PROG,4,,PENT,6,Y,DGFS,5,Y,TECH,5,Y,,,,,,,,,,,,,,,,,,,,,,,,,,,,,,,2.4,A6,2,,B2,4,Y,D2,3,,D4,6,Y,E1,4,,E2,5,,F1,2,,F3,5,Y,I2,4,
Vulnerability Assessor,Typical APS,Intelligence,Security,Security Advisor,170503,Vulnerability Assessment,,"Vulnerability Assessors identify, assess and prioritise threat vulnerabilities identified through penetration testing and report findings to improve security architecture and enhance risk awareness.",APS4,Beginner,Service,,,,7,DESN,4,,PROG,3,,,,,,,,,,,,,,,,,,,,,,,,,,,,,,,,,,,,,,,,,,,,2.4,A6,2,,B1,3,Y,D1,3,Y,D2,2,Y,D3,2,,D4,3,Y,F1,2,Y,,,,,,
Vulnerability Assessor,Typical APS,Intelligence,Security,Security Advisor,170503,Vulnerability Assessment,,"Vulnerability Assessors identify, assess and prioritise threat vulnerabilities identified through penetration testing and report findings to improve security architecture and enhance risk awareness.",APS5,Competent,Service,,,,7,DESN,5,,SWDN,3,,PROG,3,,TECH,4,Y,,,,,,,,,,,,,,,,,,,,,,,,,,,,,,,,,,,,,2.4,A6,2,,B1,3,Y,B2,2,,D1,3,Y,D2,3,Y,D3,3,,D4,3,Y,F1,2,Y,,,
Senior Vulnerability Assessor,Typical APS,Intelligence,Security,Security Advisor,170503,Vulnerability Assessment,,"Vulnerability Assessors identify, assess and prioritise threat vulnerabilities identified through penetration testing and report findings to improve security architecture and enhance risk awareness.",APS6,Expert,Organisation,,,,7,DESN,5,,SWDN,4,,PROG,4,,PENT,4,Y,TECH,5,Y,,,,,,,,,,,,,,,,,,,,,,,,,,,,,,,,,,2.4,A6,2,,B1,4,Y,B2,3,,D1,4,Y,D2,4,Y,D3,4,,D4,4,Y,F1,2,Y,,,
Lead Vulnerability Assessor,Typical APS,Intelligence,Security,Security Advisor,170503,Vulnerability Assessment,,"Vulnerability Assessors identify, assess and prioritise threat vulnerabilities identified through penetration testing and report findings to improve security architecture and enhance risk awareness.",EL1,Expert,Organisation,,,,7,DESN,6,,SWDN,5,,PROG,4,,PENT,5,Y,TECH,6,Y,,,,,,,,,,,,,,,,,,,,,,,,,,,,,,,,,,2.4,A6,2,,B1,5,Y,B2,4,,D1,5,Y,D2,5,Y,D3,5,,D4,5,Y,F1,2,Y,,,
Principal Vulnerability Assessor,Typical APS,Intelligence,Security,Security Advisor,170503,Vulnerability Assessment,,"Vulnerability Assessors identify, assess and prioritise threat vulnerabilities identified through penetration testing and report findings to improve security architecture and enhance risk awareness.",EL2,Guru,Strategic,,,,7,DESN,6,,SWDN,6,,PROG,5,,PENT,6,Y,TECH,6,Y,,,,,,,,,,,,,,,,,,,,,,,,,,,,,,,,,,2.4,A6,2,,B1,5,Y,B2,4,,D1,6,Y,D2,6,Y,D3,6,,D4,6,Y,F1,2,Y,,,
Chief Architect,Typical APS,ICT,IT Business Management,IT architect,150204,Enterprise Architecture,,"Chief Architects oversee, steer and develop the entire enterprise architecture of an organisation.",SES1,Guru,Strategic,,,,7,BPRE,7,,CNSL,7,Y,INOV,5,,GOVN,6,,ITSP,6,Y,ISCO,6,,EMRG,5,,INAS,5,,STPL,7,Y,,,,,,,,,,,,,,,,,,,,,,,,,,,,,,,,,,,,,,,,,,,,,,,,,
Enterprise Architect,Typical APS,ICT,IT Business Management,IT architect,150204,Enterprise Architecture,,"Enterprise Architects create and evolve architecture models that inform the design, development and evolution of business processes and supporting ICT systems.",EL2,Guru,Strategic,SFIA7:BSMO,,,7,BPRE,6,,CNSL,6,Y,TECH,6,,INOV,5,,REQM,6,,GOVN,5,,ITSP,5,Y,ISCO,7,,EMRG,6,Y,SCTY,5,,INAS,5,,STPL,6,Y,,,,,,,,,,,,,,,,,,,,,,,,,,,,,,,,,,,,,,,,
Lead Business Architect,Typical APS,ICT,IT Business Management,IT architect,150204,Business Architecture,,Business Architects design and evolve business capabilities in line with the organisation strategy.,EL2,Guru,Strategic,,,,7,BSMO,6,,BPRE,6,Y,CNSL,6,Y,TECH,6,,INOV,5,,REQM,6,Y,GOVN,5,,ITSP,5,Y,ISCO,7,,EMRG,4,,SCTY,3,,INAS,5,,STPL,6,Y,,,,,,,,,,,,,,,,,,,,,,,,,,,,,,,,,,,,,
Business Architect,Typical APS,ICT,IT Business Management,IT architect,150204,Business Architecture,,Business Architects design and evolve business capabilities in line with the organisation strategy.,EL1,Expert,Organisation,,,,7,BSMO,4,,BPRE,5,Y,CNSL,5,Y,TECH,5,,ITSP,5,Y,EMRG,4,Y,INAS,5,,STPL,5,Y,,,,,,,,,,,,,,,,,,,,,,,,,,,,,,,,,,,,,,,,,,,,,,,,,,,,
Junior Business Architect,Typical APS,ICT,IT Business Management,IT architect,150204,Business Architecture,,Business Architects design and evolve business capabilities in line with the organisation strategy.,EL1,Competent,Service,,,,7,BSMO,4,Y,BPRE,5,Y,CNSL,5,,ITSP,5,,INAS,5,,,,,,,,,,,,,,,,,,,,,,,,,,,,,,,,,,,,,,,,,,,,,,,,,,,,,,,,,,,,,,
Lead Infrastructure Architect,Typical APS,ICT,IT Business Management,IT architect,150204,Infrastructure Architecture,Lead Cloud Architect,"Infrastructure Architects design, implement and evolve the infrastructure (on-premises and/or cloud) that support an organisation's IT systems.",EL2,Guru,Strategic,,,,7,CNSL,5,,TECH,6,Y,INOV,5,,DESN,5,,ARCH,6,Y,GOVN,5,,DCMA,6,,EMRG,6,,NTDS,6,Y,SCTY,3,Y,NTPL,6,,,,,,,,,,,,,,,,,,,,,,,,,,,,,,,,,,,,,,,,,,,,
Infrastructure Architect,Typical APS,ICT,IT Business Management,IT architect,150204,Infrastructure Architecture,Cloud Architect,"Infrastructure Architects design, implement and evolve the infrastructure (on-premises and/or cloud) that support an organisation's IT systems.",EL1,Expert,Organisation,,,,7,CNSL,5,,TECH,5,Y,INOV,5,,DESN,5,,ARCH,5,Y,EMRG,5,,NTDS,5,Y,SCTY,3,Y,DEMM,5,,CPMG,5,,NTPL,5,,,,,,,,,,,,,,,,,,,,,,,,,,,,,,,,,,,,,,,,,,,,
Data Architect,Typical APS,ICT,IT Business Management,IT architect,150204,Data Architecture,,"Data Architects design, create, deploy and manage the way data will be structured, stored, used, integrated and managed in IT systems.",EL1,Expert,Organisation,,,,7,CNSL,5,,TECH,5,Y,INOV,5,,DESN,5,,ARCH,5,Y,EMRG,5,,SCTY,3,Y,DEMM,5,,VISL,4,,CPMG,5,,DTAN,4,Y,DATM,5,Y,DBDS,5,,,,,,,,,,,,,,,,,,,,,,,,,,,,,,,,,,,,,,
Lead Business Analyst,Typical APS,Research,Research,Business Analyst,270304,Business Analysis,,Business Analysts seek to understanding business processes and determining business requirements for systems.,EL2,Guru,Strategic,,,,7,CNSL,6,Y,REQM,6,Y,TECH,5,,METL,5,,BPRE,6,Y,DTAN,4,,INOV,5,,BUAN,6,Y,RLMT,5,Y,BENM,5,,BSMO,5,,,,,,,,,,,,,,,,,,,,,,,,,,,,,,,,,,,,,,,,,,,,
Senior Business Analyst,Typical APS,Research,Research,Business Analyst,270304,Business Analysis,,Business Analysts seek to understanding business processes and determining business requirements for systems.,EL1,Expert,Organisation,,,,7,CNSL,5,Y,REQM,5,Y,TECH,4,,BPRE,5,Y,DTAN,4,,BUAN,5,Y,RLMT,5,,BENM,5,,BSMO,4,Y,MEAS,4,,UNAN,4,,,,,,,,,,,,,,,,,,,,,,,,,,,,,,,,,,,,,,,,,,,,
Business Analyst,Typical APS,Research,Research,Business Analyst,270304,Business Analysis,,Business Analysts seek to understanding business processes and determining business requirements for systems.,APS6,Competent,Business,,,,7,REQM,4,Y,BPRE,5,Y,DTAN,3,Y,BUAN,4,Y,RLMT,4,,BSMO,3,Y,MEAS,3,,UNAN,3,,,,,,,,,,,,,,,,,,,,,,,,,,,,,,,,,,,,,,,,,,,,,,,,,,,,,
Junior Business Analyst,Typical APS,Research,Research,Business Analyst,270304,Business Analysis,,Business Analysts seek to understanding business processes and determining business requirements for systems.,APS5,Beginner,Business,,,,7,REQM,3,Y,DTAN,2,Y,BUAN,3,Y,BSMO,2,Y,,,,,,,,,,,,,,,,,,,,,,,,,,,,,,,,,,,,,,,,,,,,,,,,,,,,,,,,,,,,,,,,
Entry Level Business Analyst,Typical APS,Research,Research,Business Analyst,270304,Business Analysis,,Business Analysts seek to understanding business processes and determining business requirements for systems.,APS4,Beginner,Business,,,,7,REQM,2,Y,DTAN,2,,BUAN,3,Y,BSMO,2,,,,,,,,,,,,,,,,,,,,,,,,,,,,,,,,,,,,,,,,,,,,,,,,,,,,,,,,,,,,,,,,,
Lead Systems Analyst,Typical APS,ICT,Solutions Development,Systems Analyst and Content Design,150502,Systems Analysis,,Systems Analysts translate business requirements into technical requirements that align with relevant architectures.,EL2,Guru,Strategic,,,,7,CNSL,5,Y,REQM,6,Y,TECH,6,,METL,5,,STPL,5,Y,DESN,6,Y,SWDN,6,,,,,,,,,,,,,,,,,,,,,,,,,,,,,,,,,,,,,,,,,,,,,,,,,,,,,,,,
Senior Systems Analyst,Typical APS,ICT,Solutions Development,Systems Analyst and Content Design,150502,Systems Analysis,,Systems Analysts translate business requirements into technical requirements that align with relevant architectures.,EL1,Expert,Organisation,,,,7,CNSL,5,,REQM,5,Y,TECH,5,Y,METL,4,,BUAN,4,Y,DESN,5,Y,SWDN,5,,USEV,3,,,,,,,,,,,,,,,,,,,,,,,,,,,,,,,,,,,,,,,,,,,,,,,,,,,,,
Systems Analyst,Typical APS,ICT,Solutions Development,Systems Analyst and Content Design,150502,Systems Analysis,,Systems Analysts translate business requirements into technical requirements that align with relevant architectures.,APS6,Expert,Business,,,,7,CNSL,5,,REQM,4,Y,TECH,4,,METL,3,,BUAN,4,Y,DESN,4,Y,SWDN,4,Y,USEV,3,,,,,,,,,,,,,,,,,,,,,,,,,,,,,,,,,,,,,,,,,,,,,,,,,,,,,
Junior Systems Analyst,Typical APS,ICT,Solutions Development,Systems Analyst and Content Design,150502,Systems Analysis,,Systems Analysts translate business requirements into technical requirements that align with relevant architectures.,APS5,Beginner,Business,,,,7,REQM,3,Y,BUAN,3,,SWDN,3,Y,USEV,2,,,,,,,,,,,,,,,,,,,,,,,,,,,,,,,,,,,,,,,,,,,,,,,,,,,,,,,,,,,,,,,,,
Entry Level Systems Analyst,Typical APS,ICT,Solutions Development,Systems Analyst and Content Design,150502,Systems Analysis,,Systems Analysts translate business requirements into technical requirements that align with relevant architectures.,APS4,Beginner,Business,,,,7,REQM,2,Y,BUAN,3,,SWDN,2,Y,,,,,,,,,,,,,,,,,,,,,,,,,,,,,,,,,,,,,,,,,,,,,,,,,,,,,,,,,,,,,,,,,,,
Research Designer,Typical APS,Research,Research,Research Design,270305,Research Ops,,"Research Designers plan and oversee the specific research activities of an organisation or group, specifying the methodology and approach that will be used for each research activity and ensuring it is used appropriately.",EL1,Guru,Strategic,,,,7,EMRG,5,,CORE,4,,METL,5,Y,CNSL,5,Y,TECH,5,,UNAN,5,Y,URCH,5,Y,RSCH,5,Y,,,,,,,,,,,,,,,,,,,,,,,,,,,,,,,,,,,,,,,,,,,,,,,,,,,,
User Research Recruiter,Typical APS,Research,Research,User Research,270306,Research Ops,,"User Research Recruiters manage the process of identifying, onboarding, scheduling and supporting user research participants and research interviews.",APS5/6,Competent,Organisation,,,,7,IRMG,4,Y,RESC,4,Y,CNSL,5,Y,RLMT,5,Y,UNAN,3,Y,,,,,,,,,,,,,,,,,,,,,,,,,,,,,,,,,,,,,,,,,,,,,,,,,,,,,,,,,,,,,
Quantitative Research Analyst,Typical APS,Research,Research,User Research,270306,Research Ops,,"Quantitative Researchers investigate and quantify the opinions, attitudes, behaviours, etc. of groups of people in order to uncover patterns in behaviour, motivation, preferences etc. that can inform the improvement of government services. 
 ",APS5/6,Expert,Service,,,,7,MEAS,5,Y,TECH,4,Y,INAN,4,Y,USEV,3,Y,RSCH,4,Y,,,,,,,,,,,,,,,,,,,,,,,,,,,,,,,,,,,,,,,,,,,,,,,,,,,,,,,,,,,,,
Research Support Officer,Typical APS,Research,Research,User Research,270306,Research Ops,,"Research Support Officers provide support and assistance to researchers, including carrying out research activities and drafting reports.",APS5,Beginner,Service,,,,7,METL,3,Y,RESC,4,Y,RLMT,4,,USEV,2,Y,UNAN,3,Y,RSCH,2,Y,,,,,,,,,,,,,,,,,,,,,,,,,,,,,,,,,,,,,,,,,,,,,,,,,,,,,,,,,,
Junior Research Analyst,Typical APS,Research,Research,User Research,270306,Research Ops,,Research Analysts collect research materials and derive conclusion from those materials to answer specific research questions.,APS3/4,Novice,Business,,,,7,TEST,2,,INAN,3,Y,USEV,2,Y,URCH,3,Y,RSCH,2,Y,,,,,,,,,,,,,,,,,,,,,,,,,,,,,,,,,,,,,,,,,,,,,,,,,,,,,,,,,,,,,
Research Librarian,Typical APS,Information and Knowledge Management,Librarians,Librarian,160101,Research Ops,,Research Librarians assist researchers to find materials and provide them with advice on how to perform research related to their topic. Research Librarians also curate an organisation's research collection and advise on the use of technology in managing that collection.,APS6,Competent,Organisation,,,,7,IRMG,4,Y,KNOW,4,Y,DATM,4,Y,RSCH,3,Y,,,,,,,,,,,,,,,,,,,,,,,,,,,,,,,,,,,,,,,,,,,,,,,,,,,,,,,,,,,,,,,,
Portfolio Manager,Typical APS,ICT,Business Change,Program and Project Manager,150102,Program & Project Management,,"Portfolio Managers oversee the development and execution of a collection of programs, projects and related activities that implement the strategic intent of an organisation.",EL2,Expert,Strategic,,,,7,POMG,6,Y,PRMG,7,Y,QUAS,6,Y,MEAS,6,,FMIT,5,,METL,6,Y,ITSP,5,Y,RLMT,5,,,,,,,,,,,,,,,,,,,,,,,,,,,,,,,,,,,,,,,,,,,,,,,,,,,,,
Program Manager,Typical APS,ICT,Business Change,Program and Project Manager,150102,Program & Project Management,,"Program Managers coordinate the delivery of multiple related projects and other change activities, which may include business-as-usual activities.",EL2,Expert,Organisation,,,,7,PRMG,5,Y,PEMT,5,Y,QUMG,6,Y,PROF,4,Y,RLMT,6,Y,FMIT,5,,,,,,,,,,,,,,,,,,,,,,,,,,,,,,,,,,,,,,,,,,,,,,,,,,,,,,,,,,,
Senior Project Manager,Typical APS,Project and program,Project,Project Management,260301,Project Management,,Project Managers plan and manage the delivery of projects.,EL2,Expert,Service,SFIA7:URCH,,,7,PRMG,6,Y,FMIT,4,Y,REQM,5,Y,CIPM,6,Y,RLMT,5,Y,PEMT,5,,QUMG,5,,,,,,,,,,,,,,,,,,,,,,,,,,,,,,,,,,,,,,,,,,,,,,,,,,,,,,,,
Project Manager,Typical APS,Project and program,Project,Project Management,260301,Project Management,,Project Managers plan and manage the delivery of projects.,EL1,Expert,Service,SFIA7:URCH,,,7,PRMG,5,Y,FMIT,4,Y,REQM,4,Y,CIPM,5,Y,RLMT,5,Y,PEMT,4,,,,,,,,,,,,,,,,,,,,,,,,,,,,,,,,,,,,,,,,,,,,,,,,,,,,,,,,,,,
Senior Project Officer,Typical APS,Project and program,Project,Project Support ,260303,Project Support,,Project Officers assist in the operations of a Project/Program/Portfolio Office and the delivery of projects.,APS6,Competent,Service,SFIA7:BSMO,SFIA7:BUAN,,7,PRMG,4,Y,PROF,5,Y,CSMG,3,,QUMG,4,Y,QUAS,3,,TECH,4,,METL,3,Y,MEAS,4,Y,,,,,,,,,,,,,,,,,,,,,,,,,,,,,,,,,,,,,,,,,,,,,,,,,,,,
Project Officer,Typical APS,Project and program,Project,Project Support ,260303,Project Support,,Project Officers assist in the operations of a Project/Program/Portfolio Office and the delivery of projects.,APS5,Beginner,Business,SFIA7:BUAN,,,7,PRMG,4,Y,PROF,4,Y,BSMO,2,,REQM,2,,CSMG,2,Y,QUMG,4,Y,QUAS,3,,METL,3,Y,MEAS,3,,,,,,,,,,,,,,,,,,,,,,,,,,,,,,,,,,,,,,,,,,,,,,,,,,
Project Support Officer,Typical APS,Project and program,Project,Project Support ,260303,Project Support,,Project Officers assist in the operations of a Project/Program/Portfolio Office and the delivery of projects.,APS4,Novice,Business,,,,7,PROF,3,Y,CSMG,1,Y,QUMG,3,Y,METL,3,Y,MEAS,3,Y,,,,,,,,,,,,,,,,,,,,,,,,,,,,,,,,,,,,,,,,,,,,,,,,,,,,,,,,,,,,,
Value Manager,Typical APS,Research,Evaluation,Performance Analysis & Reporting / Benefits Realisation,270102,Project Management Specialist,Benefits Manager,"Value Managers identify, plan, measure and track the value (benefits) expected from a projects and programs.",EL1,Competent,Organisation,,,,7,BENM,5,Y,QUAS,4,Y,TECH,5,Y,INAN,5,Y,PROF,5,,FMIT,4,,,,,,,,,,,,,,,,,,,,,,,,,,,,,,,,,,,,,,,,,,,,,,,,,,,,,,,,,,,
Risk Manager,Typical APS,Monitoring and Audit,Risk ,Risk Management,190205,Project Management Specialist,,"Risk Managers identify, evaluate and prioritise risks and opportunities, and then coordinate mitigation strategies, monitor and report on the risks.",EL1,Competent,Organisation,,,,7,BURM,5,Y,QUAS,4,Y,INAS,5,Y,TECH,5,Y,PROF,4,,RLMT,4,,,,,,,,,,,,,,,,,,,,,,,,,,,,,,,,,,,,,,,,,,,,,,,,,,,,,,,,,,,
Change Manager,Typical APS,Communications and Marketing,Public Relations and Stakeholder Management,Change Manager,120301,Project Management Specialist,,"Change Managers coordinate activities and communication in order to ensure project objectives are met and sustained. They focus on the people aspect of change including changes to business processes, tools and technology, job roles and organisation structures.",EL1,Competent,Organisation,,,,7,CIPM,5,Y,TECH,5,Y,PROF,5,Y,RLMT,4,Y,,,,,,,,,,,,,,,,,,,,,,,,,,,,,,,,,,,,,,,,,,,,,,,,,,,,,,,,,,,,,,,,
Release Train Engineer,Typical APS,ICT,Solutions Implementation,Systems Integration and Deployment,150601,Project Management Specialist,Chief Scrum Master,"Release Train Engineers work in an agile environment to ensure projects and programs deliver value by coordinating with stakeholders, escalating blockages and championing improvement.",EL2,Competent,Organisation,,,,7,PRMG,6,,PGMG,6,Y,PROF,5,,OCDV,5,,BENM,6,Y,TECH,4,Y,METL,4,Y,,,,,,,,,,,,,,,,,,,,,,,,,,,,,,,,,,,,,,,,,,,,,,,,,,,,,,,
PMO Assurance Officer,Typical APS,Project and program,Project,Project Reporting,260302,Project Management Specialist,,"PMO Assurance Officers assess and report on the delivery of projects, portfolios and programs to ensure that their expected value will be delivered.",EL1,Competent,Organisation,,,,7,QUAS,5,Y,TECH,5,Y,PROF,5,Y,MEAS,5,Y,,,,,,,,,,,,,,,,,,,,,,,,,,,,,,,,,,,,,,,,,,,,,,,,,,,,,,,,,,,,,,,,
Agile Coach,Typical APS,Service Delivery,Customer Advice and Support,Technical and Procedural Quality Advice,230110,Project Management Specialist,,Agile Coaches guide the implementation and tuning of agile methodologies in organisations.,EL2,Expert,Organisation,,,,7,PROF,6,Y,OCDV,6,Y,ORDI,6,Y,TECH,5,Y,METL,5,Y,,,,,,,,,,,,,,,,,,,,,,,,,,,,,,,,,,,,,,,,,,,,,,,,,,,,,,,,,,,,,
